title,type,url
"TRIPS@25: Past, present and future of the most comprehensive IP multilateral treaty",News item,https://www.wto.org/english/news_e/news20_e/trip_26nov20_e.htm
Stakeholders panel shares ideas on how to revitalise the WTO to meet future challenges,News item,https://www.wto.org/english/news_e/news20_e/25yr_20nov20_e.htm
"WTO’s achievements, challenges addressed at 25th anniversary event",News item,https://www.wto.org/english/news_e/news20_e/25yr_19nov20_e.htm
25th anniversary event,News item,https://www.wto.org/english/news_e/news20_e/ddgaw_19nov20_e.htm
WTO marks its 25th anniversary,News item,https://www.wto.org/english/news_e/news20_e/25yr_17nov20_e.htm
"SPS Committee marks 25 years of SPS Agreement, sees high number of trade concerns",News item,https://www.wto.org/english/news_e/news20_e/sps_13nov20_e.htm
DDG Wolff underlines central role of SPS Agreement in facilitating trade in safe food,News item,https://www.wto.org/english/news_e/news20_e/ddgaw_02nov20_e.htm
Event marks 25th anniversary of the WTO’s Agreement on Rules of Origin,News item,https://www.wto.org/english/news_e/news20_e/roi_04mar20_e.htm
The WTO’s 25 years of achievement and challenges,News item,https://www.wto.org/english/news_e/news20_e/dgra_01jan20_e.htm
